Race_white,Race_black,Race_asian,Race_native,Race_multiracial,Sex_female,Language_ENG,Insurance_Cash,Insurance_Private,Insurance_Medicaid,Insurance_Ryan_White,Med1,Med2,Med3,Med4,Med5,Med6,Med7,Med8,Med9,Med10,Med11,Med12,CRA,Radiographs,Tobacco,Alcohol,RecDrugs,Preg999t,ASA,BoneLoss,BL_URQ,BL_LRQ,BL_ULQ,BL_LLQ,BL_VERT,Calc_URQ,Calc_LRQ,Calc_ULQ,Calc_LLQ,RFG1,RFG2,RFG3,RFG4,RFG5,RFG6,RFG7,RFG8,RFL1,RFL2,RFL3,RFL4,RFL5,RFL6,RFL7,RFL8,RFL9,RFL10,DentalHealth,PainLevel,Chewing,Speaking,SelfImage,AnxietyYest,AnxietyToday,ClenchGrind,GumTrouble,BrushFreq,FlossFreq,Denture,SRPSxPerio,OralSx,Trauma,OralCancer,TMJ,Ortho,AgeBaseline,DMFT,DMFS,Teeth,PlaqueIdx,BOP,BL_MaxPct
0.0037384168,0.009612384,-0.00015241074,-1.735555e-06,5.2913906e-06,0.020566033,-5.197525e-05,-0.0053123264,0.0006296367,-0.0027605768,-1.6421413e-05,0.006664362,0.0009413869,-0.00015818479,-4.7853686e-05,0.0,0.0,0.0,-1.7838873e-05,1.2188053e-06,-2.3222094e-06,0.0,-0.0006397519,0.10372046,0.0120256655,0.17868139,-0.008712755,-0.011569834,0.0016484106,0.32423976,0.0047762473,-0.006330038,-0.00020757636,-0.0067958445,-0.022943461,0.0,0.0016877129,0.00023259988,0.012553142,0.00072364655,-0.06588771,-0.00010030035,-0.00018718411,-0.00063263945,-0.0004749593,0.0001912654,0.0,-2.5533223e-05,0.0001223703,-0.0005537534,0.020849122,-0.0027942017,-0.007370303,0.0011612182,-0.00050984666,4.4088274e-06,-0.0032480091,-0.0045600054,-0.011140337,-0.002069025,0.012405419,0.0015480735,-0.0016033808,0.004722864,0.0063841525,-0.02798588,0.0025909403,0.0019079406,0.01080015,0.0008771803,-0.0008457587,-0.00043011017,-0.0012300631,0.0,0.0010532468,-6.38926e-05,-0.025137903,-0.15398379,-0.16341402,-0.43357936,0.0058071534,0.025715202,-0.0056417277
